bibcode,journal,title,year,volume,doi,hip_tyc_id
2009ApJS..181..444A,ApJS,X-ray-emitting stars identified from the ROSAT All-Sky Survey and the  Sloan Digital Sky Survey.,2009.0,181.0,10.1088/0067-0049/181/2/444,TYC 3850-257-1
2012A&A...546A..61D,A&A,Radial velocities for the HIPPARCOS-Gaia Hundred-Thousand-Proper-Motion  project.,2012.0,546.0,10.1051/0004-6361/201219219,HIP 63702
2012MNRAS.427..343M,MNRAS,Fundamental parameters and infrared excesses of Hipparcos stars.,2012.0,427.0,10.1111/j.1365-2966.2012.21873.x,HIP 63702
2012A&A...546A..61D,A&A,Radial velocities for the HIPPARCOS-Gaia Hundred-Thousand-Proper-Motion  project.,2012.0,546.0,10.1051/0004-6361/201219219,TYC 4180-573-1
2012MNRAS.427..343M,MNRAS,Fundamental parameters and infrared excesses of Hipparcos stars.,2012.0,427.0,10.1111/j.1365-2966.2012.21873.x,TYC 4180-573-1
1997PNAOJ...5....1Y,PNAOJ,The Tokyo PMC Catalog 90-93: Catalog of positions of 6649 stars observed in 1990 through 1993 with Tokyo Photoelectric Meridian Circle.,1997.0,5.0,,TYC 4180-573-1
2012A&A...546A..61D,A&A,Radial velocities for the HIPPARCOS-Gaia Hundred-Thousand-Proper-Motion  project.,2012.0,546.0,10.1051/0004-6361/201219219,HIP 66198
2012MNRAS.427..343M,MNRAS,Fundamental parameters and infrared excesses of Hipparcos stars.,2012.0,427.0,10.1111/j.1365-2966.2012.21873.x,HIP 66198
2011MNRAS.411..435,MNRAS,Bayesian inference of stellar parameters and interstellar extinction  using parallaxes and multiband photometry.,2011.0,411.0,10.1111/j.1365-2966.2010.17699.x,HIP 66198
2012A&A...546A..61D,A&A,Radial velocities for the HIPPARCOS-Gaia Hundred-Thousand-Proper-Motion  project.,2012.0,546.0,10.1051/0004-6361/201219219,HIP 69275
2012MNRAS.427..343M,MNRAS,Fundamental parameters and infrared excesses of Hipparcos stars.,2012.0,427.0,10.1111/j.1365-2966.2012.21873.x,HIP 69275
2011MNRAS.411..435,MNRAS,Bayesian inference of stellar parameters and interstellar extinction  using parallaxes and multiband photometry.,2011.0,411.0,10.1111/j.1365-2966.2010.17699.x,HIP 69275
2012A&A...546A..61D,A&A,Radial velocities for the HIPPARCOS-Gaia Hundred-Thousand-Proper-Motion  project.,2012.0,546.0,10.1051/0004-6361/201219219,HIP 75449
2012MNRAS.427..343M,MNRAS,Fundamental parameters and infrared excesses of Hipparcos stars.,2012.0,427.0,10.1111/j.1365-2966.2012.21873.x,HIP 75449
2011MNRAS.411..435,MNRAS,Bayesian inference of stellar parameters and interstellar extinction  using parallaxes and multiband photometry.,2011.0,411.0,10.1111/j.1365-2966.2010.17699.x,HIP 75449
2006AJ....132.1153T,AJ,The absolute dimensions of the overcontact binary FI Bootis.,2006.0,132.0,10.1086/506425,HIP 75449
2009ApJS..181..444A,ApJS,X-ray-emitting stars identified from the ROSAT All-Sky Survey and the  Sloan Digital Sky Survey.,2009.0,181.0,10.1088/0067-0049/181/2/444,TYC 3851-600-1
2009ApJS..184..138H,ApJS,XID II: statistical cross-association of ROSAT bright source catalog  X-ray sources with 2MASS point source catalog near-infrared sources.,2009.0,184.0,10.1088/0067-0049/184/1/138,TYC 3851-600-1
2007AJ....133.2495D,AJ,Spectral classification of optical counterparts to ROSAT all-sky survey X-ray sources.,2007.0,133.0,10.1086/516755,TYC 3851-600-1
2003A&A...406..535Z,A&A,The Hamburg/RASS Catalogue of optical identifications. Northern high-galactic latitude ROSAT Bright Source Catalogue X-ray  sources.,2003.0,406.0,10.1051/0004-6361:20030679,TYC 3851-600-1
1997KFNT...13e..70R,KFNT,GPM - compiled catalogue of absolute proper motions of stars in selected areas of sky with galaxies.,1997.0,13.0,,TYC 3851-600-1
2012A&A...546A..61D,A&A,Radial velocities for the HIPPARCOS-Gaia Hundred-Thousand-Proper-Motion  project.,2012.0,546.0,10.1051/0004-6361/201219219,TYC 3861-1374-1
2012MNRAS.427..343M,MNRAS,Fundamental parameters and infrared excesses of Hipparcos stars.,2012.0,427.0,10.1111/j.1365-2966.2012.21873.x,TYC 3861-1374-1
2006AstL...32..759G,AstL,Pulkovo compilation of radial velocities for 35495 stars in a common system.,2006.0,32.0,10.1134/S1063773706110065,TYC 3861-1374-1
1999A&AS..137..451G,A&AS,Radial velocities. IX. Measurements of 2800 B2-F5 stars for Hipparcos.,1999.0,137.0,10.1051/aas:1999489,TYC 3861-1374-1
1993A&AS..102..643M,A&AS,"b""Mesures detoiles doubles faites a Nice (4e serie)""",1993.0,102.0,,TYC 3861-1374-1
1981ApJS...45..437A,ApJS,Visual multiples. VII. MK classifications.,1981.0,45.0,10.1086/190719,TYC 3861-1374-1
1958AJ.....63..324P,AJ,The visual magnitudes of double stars.,1958.0,63.0,10.1086/107769,TYC 3861-1374-1
2010ApJ...709..733Z,ApJ,Parallactic motion for companion discovery: an M-dwarf orbiting Alcor.,2010.0,709.0,10.1088/0004-637X/709/2/733,TYC 3865-934-1
2010AJ....139..919M,AJ,Discovery of a faint companion to Alcor using MMT/AO 5 {mu}m imaging.,2010.0,139.0,10.1088/0004-6256/139/3/919,TYC 3865-934-1
2005JHA....36..251S,JHA,"The early search for stellar parallax : Galileo, Castelli and Ramponi.",2005.0,36.0,,TYC 3865-934-1
1999A&AS..137..451G,A&AS,Radial velocities. IX. Measurements of 2800 B2-F5 stars for Hipparcos.,1999.0,137.0,10.1051/aas:1999489,TYC 3865-934-1
1992ApJ...395L..21L,ApJ,"The ultraviolet-bright stars of omega Centauri, M 3 and M 13.",1992.0,395.0,10.1086/186479,TYC 3865-934-1
1982SvA....26..368I,SvA,Energy distributions in the spectra of 10 B to A stars.,1982.0,26.0,,TYC 3865-934-1
1952BAN....11..441W,BAN,Photoelectric colours of B and A-type stars in a number of Selected Areas.,1952.0,11.0,,TYC 3865-934-1
2012A&A...546A..61D,A&A,Radial velocities for the HIPPARCOS-Gaia Hundred-Thousand-Proper-Motion  project.,2012.0,546.0,10.1051/0004-6361/201219219,HIP 67231
2012MNRAS.427..343M,MNRAS,Fundamental parameters and infrared excesses of Hipparcos stars.,2012.0,427.0,10.1111/j.1365-2966.2012.21873.x,HIP 67231
2007A&A...464..581K,A&A,A brown dwarf desert for intermediate mass stars in Scorpius OB2?,2007.0,464.0,10.1051/0004-6361:20054396,HIP 67231
2006AstL...32..759G,AstL,Pulkovo compilation of radial velocities for 35495 stars in a common system.,2006.0,32.0,10.1134/S1063773706110065,HIP 67231
1999A&AS..137..451G,A&AS,Radial velocities. IX. Measurements of 2800 B2-F5 stars for Hipparcos.,1999.0,137.0,10.1051/aas:1999489,HIP 67231
1987A&AS...71..263F,A&AS,"b""Mesures de vitesses radiales. I. Accompagnement au sol du programme dobservation du satellite Hipparcos.""",1987.0,71.0,,HIP 67231
1971BOTT....6...69P,BOTT,A finding list of stars of spectral type A5 and earlier in regions at high galactic latitudes. V. 1 HLF 3.,1971.0,6.0,,HIP 67231
2013ApJS..208...29W,ApJS,Bright 22 {mu}m excess candidates from the wise all-sky catalog and the  Hipparcos main catalog.,2013.0,208.0,10.1088/0067-0049/208/2/29,HIP 69917
2012A&A...546A..61D,A&A,Radial velocities for the HIPPARCOS-Gaia Hundred-Thousand-Proper-Motion  project.,2012.0,546.0,10.1051/0004-6361/201219219,HIP 69917
2012MNRAS.427..343M,MNRAS,Fundamental parameters and infrared excesses of Hipparcos stars.,2012.0,427.0,10.1111/j.1365-2966.2012.21873.x,HIP 69917
2011MNRAS.410..190T,MNRAS,A catalogue of young runaway Hipparcos stars within 3 kpc from the Sun.,2011.0,410.0,10.1111/j.1365-2966.2010.17434.x,HIP 69917
1997PNAOJ...5....1Y,PNAOJ,The Tokyo PMC Catalog 90-93: Catalog of positions of 6649 stars observed in 1990 through 1993 with Tokyo Photoelectric Meridian Circle.,1997.0,5.0,,HIP 69917
1995A&AS..114..269D,A&AS,Vitesses radiales. Catalogue WEB: Wilson Evans Batten. Radial velocities: The Wilson-Evans-Batten catalogue.,1995.0,114.0,,HIP 69917
1984A&AS...57..357O,A&AS,UBV photometry of stars whose positions are accurately known.,1984.0,57.0,,HIP 69917
2013ApJS..208...29W,ApJS,Bright 22 {mu}m excess candidates from the wise all-sky catalog and the  Hipparcos main catalog.,2013.0,208.0,10.1088/0067-0049/208/2/29,HIP 78958
2012A&A...546A..61D,A&A,Radial velocities for the HIPPARCOS-Gaia Hundred-Thousand-Proper-Motion  project.,2012.0,546.0,10.1051/0004-6361/201219219,HIP 78958
2012MNRAS.427..343M,MNRAS,Fundamental parameters and infrared excesses of Hipparcos stars.,2012.0,427.0,10.1111/j.1365-2966.2012.21873.x,HIP 78958
2006AstL...32..759G,AstL,Pulkovo compilation of radial velocities for 35495 stars in a common system.,2006.0,32.0,10.1134/S1063773706110065,HIP 78958
1997A&AS..124..255F,A&AS,"b""Mesures de vitesses radiales. VIII. Accompagnement au sol du programme dobservation du satellite Hipparcos Radial velocities. VIII. Ground based measurements for Hipparcos.""",1997.0,124.0,,HIP 78958
1989PBeiO..14...12L,PBeiO,Third preliminary catalogue of stars observed with the photoelectric astrolabe of the Beijing Astronomical Observatory.,1989.0,14.0,,HIP 78958
1985A&AS...59..461O,A&AS,UBV photometry of stars whose positions are accurately known. II.,1985.0,59.0,,HIP 78958
1972AN....294....1J,AN,Uber die veranderlichkeit der sterne des spektraltyps A.,1972.0,294.0,10.1002/asna.19722940102,HIP 78958
2015ApJ...804..146D,ApJ,"The ages of early-type stars: Stromgren photometric methods calibrated, validated, tested, and applied to hosts and prospective hosts of directly imaged exoplanets.",2015.0,804.0,10.1088/0004-637X/804/2/146,TYC 3869-656-1
2015A&A...580A..23P,A&A,A new catalogue of Stroemgren-Crawford uvby{beta} photometry.,2015.0,580.0,10.1051/0004-6361/201526413,TYC 3869-656-1
2012MNRAS.427..343M,MNRAS,Fundamental parameters and infrared excesses of Hipparcos stars.,2012.0,427.0,10.1111/j.1365-2966.2012.21873.x,TYC 3869-656-1
2012A&A...546A..61D,A&A,Radial velocities for the HIPPARCOS-Gaia Hundred-Thousand-Proper-Motion  project.,2012.0,546.0,10.1051/0004-6361/201219219,TYC 3869-656-1
2011A&A...530A.138C,A&A,New constraints on the chemical evolution of the solar neighbourhood and Galactic disc(s). Improved astrophysical parameters for the  Geneva-Copenhagen survey.,2011.0,530.0,10.1051/0004-6361/201016276,TYC 3869-656-1
2009A&A...501..941H,A&A,"The Geneva-Copenhagen survey of the solar neighbourhood. III. Improved  distances, ages, and kinematics.",2009.0,501.0,10.1051/0004-6361/200811191,TYC 3869-656-1
2009ApJS..181..444A,ApJS,X-ray-emitting stars identified from the ROSAT All-Sky Survey and the  Sloan Digital Sky Survey.,2009.0,181.0,10.1088/0067-0049/181/2/444,TYC 3869-656-1
2006AstL...32..759G,AstL,Pulkovo compilation of radial velocities for 35495 stars in a common system.,2006.0,32.0,10.1134/S1063773706110065,TYC 3869-656-1
2004A&A...418..989N,A&A,"The Geneva-Copenhagen survey of the Solar neighbourhood. Ages, metallicities, and kinematic properties of ~14000 F and G  dwarfs.",2004.0,418.0,10.1051/0004-6361:20035959,TYC 3869-656-1
1995A&AS..114..269D,A&AS,Vitesses radiales. Catalogue WEB: Wilson Evans Batten. Radial velocities: The Wilson-Evans-Batten catalogue.,1995.0,114.0,,TYC 3869-656-1
1950ApJ...112...48M,ApJ,"Radial velocities, spectral types and luminosity classes of 820 stars.",1950.0,112.0,10.1086/145318,TYC 3869-656-1
2015A&A...580A..23P,A&A,A new catalogue of Stroemgren-Crawford uvby{beta} photometry.,2015.0,580.0,10.1051/0004-6361/201526413,HIP 69958
2012A&A...546A..61D,A&A,Radial velocities for the HIPPARCOS-Gaia Hundred-Thousand-Proper-Motion  project.,2012.0,546.0,10.1051/0004-6361/201219219,HIP 69958
2012MNRAS.427..343M,MNRAS,Fundamental parameters and infrared excesses of Hipparcos stars.,2012.0,427.0,10.1111/j.1365-2966.2012.21873.x,HIP 69958
2011A&A...530A.138C,A&A,New constraints on the chemical evolution of the solar neighbourhood and Galactic disc(s). Improved astrophysical parameters for the  Geneva-Copenhagen survey.,2011.0,530.0,10.1051/0004-6361/201016276,HIP 69958
2009A&A...501..941H,A&A,"The Geneva-Copenhagen survey of the solar neighbourhood. III. Improved  distances, ages, and kinematics.",2009.0,501.0,10.1051/0004-6361/200811191,HIP 69958
2007ApJS..169..430R,ApJS,The N2K consortium. VII. Atmospheric parameters of 1907 metal-rich stars: finding planet-search targets.,2007.0,169.0,10.1086/513108,HIP 69958
2006AstL...32..759G,AstL,Pulkovo compilation of radial velocities for 35495 stars in a common system.,2006.0,32.0,10.1134/S1063773706110065,HIP 69958
2004A&A...418..989N,A&A,"The Geneva-Copenhagen survey of the Solar neighbourhood. Ages, metallicities, and kinematic properties of ~14000 F and G  dwarfs.",2004.0,418.0,10.1051/0004-6361:20035959,HIP 69958
1998A&AS..129..431H,A&AS,uvby{beta} photoelectric photometric catalogue.,1998.0,129.0,10.1051/aas:1998195,HIP 69958
1997A&AS..124..255F,A&AS,"b""Mesures de vitesses radiales. VIII. Accompagnement au sol du programme dobservation du satellite Hipparcos Radial velocities. VIII. Ground based measurements for Hipparcos.""",1997.0,124.0,,HIP 69958
1991PBeiO..18...43L,PBeiO,The period analysis of the new delta Scuti star HR 5437.,1991.0,18.0,,HIP 69958
1990IBVS.3451....1P,IBVS,Confusion concerning the variability of HR 5492 (=DL Dra) and HR 5437.,1990.0,3451.0,,HIP 69958
1988ACiCh..22....1J,ACiCh,HR 5437 is a new delta Scuti type variable.,1988.0,22.0,,HIP 69958
1983A&AS...53..223H,A&AS,Meridian observations made with the Carlsberg automatic meridian circle at Brorfelde (Copenhagen University Observatory) 1981-1982.,1983.0,53.0,,HIP 69958
1982ApJS...50..451P,ApJS,A photometric map of interstellar reddening within 300 parsecs.,1982.0,50.0,10.1086/190833,HIP 69958
1981Ap&SS..79..463,Ap&SS,Study of the variability of the del Sct stars.,1981.0,79.0,10.1007/BF00649441,HIP 69958
2015A&A...580A..23P,A&A,A new catalogue of Stroemgren-Crawford uvby{beta} photometry.,2015.0,580.0,10.1051/0004-6361/201526413,HIP 77903
2015ApJ...804..146D,ApJ,"The ages of early-type stars: Stromgren photometric methods calibrated, validated, tested, and applied to hosts and prospective hosts of directly imaged exoplanets.",2015.0,804.0,10.1088/0004-637X/804/2/146,HIP 77903
2012MNRAS.427..343M,MNRAS,Fundamental parameters and infrared excesses of Hipparcos stars.,2012.0,427.0,10.1111/j.1365-2966.2012.21873.x,HIP 77903
2012A&A...537A.120Z,A&A,Rotational velocities of A-type stars. IV. Evolution of rotational  velocities.,2012.0,537.0,10.1051/0004-6361/201117691,HIP 77903
2012A&A...546A..61D,A&A,Radial velocities for the HIPPARCOS-Gaia Hundred-Thousand-Proper-Motion  project.,2012.0,546.0,10.1051/0004-6361/201219219,HIP 77903
2007A&A...463..671R,A&A,Rotational velocities of A-type stars. III. Velocity distributions.,2007.0,463.0,10.1051/0004-6361:20065224,HIP 77903
2006AstL...32..759G,AstL,Pulkovo compilation of radial velocities for 35495 stars in a common system.,2006.0,32.0,10.1134/S1063773706110065,HIP 77903
2002A&A...393..897R,A&A,Rotational velocities of A-type stars. II. Measurement of vsini in the northern hemisphere.,2002.0,393.0,10.1051/0004-6361:20020943,HIP 77903
2001A&A...373..625P,A&A,A spectroscopic survey for {lambda} Bootis stars. II. The observational data.,2001.0,373.0,10.1051/0004-6361:20010630,HIP 77903
2000ApJ...529..224P,ApJ,Fluorescent molecular hydrogen in the extragalactic giant H II region NGC 5461.,2000.0,529.0,10.1086/308269,HIP 77903
1998A&AS..129..431H,A&AS,uvby{beta} photoelectric photometric catalogue.,1998.0,129.0,10.1051/aas:1998195,HIP 77903
1997A&AS..124..255F,A&AS,"b""Mesures de vitesses radiales. VIII. Accompagnement au sol du programme dobservation du satellite Hipparcos Radial velocities. VIII. Ground based measurements for Hipparcos.""",1997.0,124.0,,HIP 77903
1995ApJS...99..135A,ApJS,The relation between rotational velocities and spectral peculiarities among A-type stars.,1995.0,99.0,10.1086/192182,HIP 77903
1995A&AS..114..269D,A&AS,Vitesses radiales. Catalogue WEB: Wilson Evans Batten. Radial velocities: The Wilson-Evans-Batten catalogue.,1995.0,114.0,,HIP 77903
1994PASP..106..992H,PASP,Speckle imaging with the MAMA detector : preliminary results.,1994.0,106.0,10.1086/133472,HIP 77903
1989AJ.....97..510M,AJ,ICCD speckle observations of binary stars. IV. Measurements during 1986-1988 from the Kitt Peak 4m telescope.,1989.0,97.0,10.1086/115001,HIP 77903
1982SvA....26..368I,SvA,Energy distributions in the spectra of 10 B to A stars.,1982.0,26.0,,HIP 77903
1974AJ.....79.1082E,AJ,Study of delta Scuti variables.,1974.0,79.0,10.1086/111657,HIP 77903
1972AN....294....1J,AN,Uber die veranderlichkeit der sterne des spektraltyps A.,1972.0,294.0,10.1002/asna.19722940102,HIP 77903
1966AJ.....71..709C,AJ,Photoelectric H-beta photometry for 1217 stars brighter than V= 6.5 mag.,1966.0,71.0,10.1086/110176,HIP 77903
2015A&A...580A..23P,A&A,A new catalogue of Stroemgren-Crawford uvby{beta} photometry.,2015.0,580.0,10.1051/0004-6361/201526413,TYC 3496-1082-1
2012A&A...537A.120Z,A&A,Rotational velocities of A-type stars. IV. Evolution of rotational  velocities.,2012.0,537.0,10.1051/0004-6361/201117691,TYC 3496-1082-1
2012MNRAS.427..343M,MNRAS,Fundamental parameters and infrared excesses of Hipparcos stars.,2012.0,427.0,10.1111/j.1365-2966.2012.21873.x,TYC 3496-1082-1
2012A&A...546A..61D,A&A,Radial velocities for the HIPPARCOS-Gaia Hundred-Thousand-Proper-Motion  project.,2012.0,546.0,10.1051/0004-6361/201219219,TYC 3496-1082-1
2011SerAJ.182...35D,SerAJ,Corrected {mu}delta for stars of Hipparcos catalogue from independent latitude observations over many decades.,2011.0,182.0,10.2298/SAJ1182035D,TYC 3496-1082-1
2007A&A...463..671R,A&A,Rotational velocities of A-type stars. III. Velocity distributions.,2007.0,463.0,10.1051/0004-6361:20065224,TYC 3496-1082-1
2006AstL...32..759G,AstL,Pulkovo compilation of radial velocities for 35495 stars in a common system.,2006.0,32.0,10.1134/S1063773706110065,TYC 3496-1082-1
2002A&A...386..854G,A&A,Near infrared observations of soft X-ray selected AGN.,2002.0,386.0,10.1051/0004-6361:20020270,TYC 3496-1082-1
2002A&A...393..897R,A&A,Rotational velocities of A-type stars. II. Measurement of vsini in the northern hemisphere.,2002.0,393.0,10.1051/0004-6361:20020943,TYC 3496-1082-1
1998A&AS..129..431H,A&AS,uvby{beta} photoelectric photometric catalogue.,1998.0,129.0,10.1051/aas:1998195,TYC 3496-1082-1
1996A&AS..118..239H,A&AS,The photoelectric astrolabe catalogue of Yunnan Observatory (YPAC).,1996.0,118.0,,TYC 3496-1082-1
1996A&AS..115..401J,A&AS,uvbyH_{beta}_ photometry of main sequence A type stars.,1996.0,115.0,,TYC 3496-1082-1
1995A&AS..114..269D,A&AS,Vitesses radiales. Catalogue WEB: Wilson Evans Batten. Radial velocities: The Wilson-Evans-Batten catalogue.,1995.0,114.0,,TYC 3496-1082-1
1995ApJS...99..135A,ApJS,The relation between rotational velocities and spectral peculiarities among A-type stars.,1995.0,99.0,10.1086/192182,TYC 3496-1082-1
1994IBVS.4114....1P,IBVS,APT observations of small-amplitude red variables.,1994.0,4114.0,,TYC 3496-1082-1
1992A&AS...93..441L,A&AS,The delta Scuti star HD 127759.,1992.0,93.0,,TYC 3496-1082-1
1992A&AS...93...87L,A&AS,The delta Scuti star HR 5437.,1992.0,93.0,,TYC 3496-1082-1
1990A&AS...85.1069S,A&AS,MK classification and photometry of stars used for time and latitude observations at Mizusawa and Washington.,1990.0,85.0,,TYC 3496-1082-1
1987PASP...99.1184P,PASP,A catalog of bright uvby beta standard stars.,1987.0,99.0,10.1086/132103,TYC 3496-1082-1
1984PASP...96..441G,PASP,Photoelectric UBV photometry for 317 PZT and VZT stars.,1984.0,96.0,10.1086/131362,TYC 3496-1082-1
1978A&AS...33...15C,A&AS,Spectral classification from the ultraviolet line features of S2/68 spectra III. Early A-type stars.,1978.0,33.0,,TYC 3496-1082-1
1975A&A....43..111H,A&A,"Absolute luminosity calibration of Stroemgren\s ""intermediate group"".",1975.0,43.0,,TYC 3496-1082-1
1972AN....294....1J,AN,Uber die veranderlichkeit der sterne des spektraltyps A.,1972.0,294.0,10.1002/asna.19722940102,TYC 3496-1082-1
1972A&AS....5..109C,A&AS,Four-color and H beta photometry for the brighter A0-type stars.,1972.0,5.0,,TYC 3496-1082-1
1970A&AS....1..189F,A&AS,A catalogue of proper motions for 437 A stars.,1970.0,1.0,,TYC 3496-1082-1
1970A&AS....1..165J,A&AS,Photoelectric observations of early A stars.,1970.0,1.0,,TYC 3496-1082-1
2015A&A...580A..23P,A&A,A new catalogue of Stroemgren-Crawford uvby{beta} photometry.,2015.0,580.0,10.1051/0004-6361/201526413,TYC 3497-1053-1
2012A&A...546A..69M,A&A,Dynamical masses of a selected sample of orbital binaries.,2012.0,546.0,10.1051/0004-6361/201219774,TYC 3497-1053-1
2012MNRAS.427..343M,MNRAS,Fundamental parameters and infrared excesses of Hipparcos stars.,2012.0,427.0,10.1111/j.1365-2966.2012.21873.x,TYC 3497-1053-1
2012A&A...537A.120Z,A&A,Rotational velocities of A-type stars. IV. Evolution of rotational  velocities.,2012.0,537.0,10.1051/0004-6361/201117691,TYC 3497-1053-1
2012A&A...546A..61D,A&A,Radial velocities for the HIPPARCOS-Gaia Hundred-Thousand-Proper-Motion  project.,2012.0,546.0,10.1051/0004-6361/201219219,TYC 3497-1053-1
2011MNRAS.415.1105S,MNRAS,Distance limits to intermediate- and high-velocity clouds.,2011.0,415.0,10.1111/j.1365-2966.2011.18647.x,TYC 3497-1053-1
2010AJ....140.1078D,AJ,"EMCCD speckle interferometry with the 6 M telescope: astrometric  measurements, differential photometry, and orbits.",2010.0,140.0,10.1088/0004-6256/140/4/1078,TYC 3497-1053-1
2010A&A...515A.111S,A&A,The PASTEL catalogue of stellar parameters.,2010.0,515.0,10.1051/0004-6361/201014247,TYC 3497-1053-1
2009AJ....138..813H,AJ,Speckle interferometry at mount wilson observatory: observations obtained  in 2006-2007 and 35 new orbits.,2009.0,138.0,10.1088/0004-6256/138/3/813,TYC 3497-1053-1
2007A&A...463..671R,A&A,Rotational velocities of A-type stars. III. Velocity distributions.,2007.0,463.0,10.1051/0004-6361:20065224,TYC 3497-1053-1
2006A&A...450..735M,A&A,Effective temperature scale and bolometric corrections from 2MASS photometry.,2006.0,450.0,10.1051/0004-6361:20054021,TYC 3497-1053-1
2005ApJ...629..507A,ApJ,Observed orbital eccentricities.,2005.0,629.0,10.1086/431207,TYC 3497-1053-1
2004ApJ...616..562A,ApJ,Tidal effects in binaries of various periods.,2004.0,616.0,10.1086/423795,TYC 3497-1053-1
2002A&A...393..897R,A&A,Rotational velocities of A-type stars. II. Measurement of vsini in the northern hemisphere.,2002.0,393.0,10.1051/0004-6361:20020943,TYC 3497-1053-1
2000AJ....119.3084H,AJ,"ICCD speckle observations of binary stars. XXIII. Measurements during 1982-1997 from six telescopes, with 14 new orbits.",2000.0,119.0,10.1086/301402,TYC 3497-1053-1
1998A&AS..129..431H,A&AS,uvby{beta} photoelectric photometric catalogue.,1998.0,129.0,10.1051/aas:1998195,TYC 3497-1053-1
1997AJ....114.1623F,AJ,ICCD speckle observations of binary stars. XVI. Measurements during 1982-1989 from the Perkins 1.8-m telescope.,1997.0,114.0,10.1086/118593,TYC 3497-1053-1
1997AJ....114.1639H,AJ,ICCD speckle observations of binary stars. XVII. Measurements during 1993-1995 from the Mount Wilson 2.5-m telescope.,1997.0,114.0,10.1086/118594,TYC 3497-1053-1
1995ApJS...99..135A,ApJS,The relation between rotational velocities and spectral peculiarities among A-type stars.,1995.0,99.0,10.1086/192182,TYC 3497-1053-1
1995PASP..107.1034S,PASP,The X-ray emission of A-type stars.,1995.0,107.0,10.1086/133659,TYC 3497-1053-1
1995A&AS..114..269D,A&AS,Vitesses radiales. Catalogue WEB: Wilson Evans Batten. Radial velocities: The Wilson-Evans-Batten catalogue.,1995.0,114.0,,TYC 3497-1053-1
1993PASP..105...36S,PASP,All-sky Stromgren photometry of Speckle binary stars.,1993.0,105.0,10.1086/133123,TYC 3497-1053-1
1993AJ....106.1639M,AJ,ICCD speckle observations of binary stars. X. A further survey for duplicity among the bright stars.,1993.0,106.0,10.1086/116753,TYC 3497-1053-1
1991A&AS...89..415O,A&AS,UBV photometry of stars whose positions are accurately known. VI.,1991.0,89.0,,TYC 3497-1053-1
1990AJ.....99..965M,AJ,ICCD speckle observations of binary stars. V. Measurements during 1988-1989 from the Kitt Peak and the Cerro Tololo 4m telescopes.,1990.0,99.0,10.1086/115387,TYC 3497-1053-1
1989AJ.....97..510M,AJ,ICCD speckle observations of binary stars. IV. Measurements during 1986-1988 from the Kitt Peak 4m telescope.,1989.0,97.0,10.1086/115001,TYC 3497-1053-1
1980A&A....85...93M,A&A,Prediction of spectral classification from photometric observations -application to the uvby beta photometry and the MK spectral classification. II. General case.,1980.0,85.0,,TYC 3497-1053-1
1972AN....294....1J,AN,Uber die veranderlichkeit der sterne des spektraltyps A.,1972.0,294.0,10.1002/asna.19722940102,TYC 3497-1053-1
1972A&A....18..428D,A&A,Rotation of evolving A and F stars.,1972.0,18.0,,TYC 3497-1053-1
1966AJ.....71..709C,AJ,Photoelectric H-beta photometry for 1217 stars brighter than V= 6.5 mag.,1966.0,71.0,10.1086/110176,TYC 3497-1053-1
2015A&A...580A..23P,A&A,A new catalogue of Stroemgren-Crawford uvby{beta} photometry.,2015.0,580.0,10.1051/0004-6361/201526413,TYC 3867-2-1
2015ApJ...804..146D,ApJ,"The ages of early-type stars: Stromgren photometric methods calibrated, validated, tested, and applied to hosts and prospective hosts of directly imaged exoplanets.",2015.0,804.0,10.1088/0004-637X/804/2/146,TYC 3867-2-1
2015ApJS..216...33F,ApJS,Probing the Local Bubble with diffuse interstellar bands. III. The northern hemisphere data and catalog.,2015.0,216.0,10.1088/0067-0049/216/2/33,TYC 3867-2-1
2014A&A...562A..65S,A&A,Spectrophotometric analysis of the 5200 {AA} region for peculiar and normal stars.,2014.0,562.0,10.1051/0004-6361/201322300,TYC 3867-2-1
2013ApJS..208...29W,ApJS,Bright 22 {mu}m excess candidates from the wise all-sky catalog and the  Hipparcos main catalog.,2013.0,208.0,10.1088/0067-0049/208/2/29,TYC 3867-2-1
2012AJ....143...28F,AJ,High ionization species in the nearby interstellar medium from an  exhaustive analysis of the IUE INES database.,2012.0,143.0,10.1088/0004-6256/143/2/28,TYC 3867-2-1
2012AstL...38..694G,AstL,Spatial distribution and kinematics of OB stars.,2012.0,38.0,10.1134/S1063773712110035,TYC 3867-2-1
2012A&A...537A.120Z,A&A,Rotational velocities of A-type stars. IV. Evolution of rotational  velocities.,2012.0,537.0,10.1051/0004-6361/201117691,TYC 3867-2-1
2012ApJS..199....8G,ApJS,A compilation of interstellar column densities.,2012.0,199.0,10.1088/0067-0049/199/1/8,TYC 3867-2-1
2012A&A...546A..61D,A&A,Radial velocities for the HIPPARCOS-Gaia Hundred-Thousand-Proper-Motion  project.,2012.0,546.0,10.1051/0004-6361/201219219,TYC 3867-2-1
2012MNRAS.427..343M,MNRAS,Fundamental parameters and infrared excesses of Hipparcos stars.,2012.0,427.0,10.1111/j.1365-2966.2012.21873.x,TYC 3867-2-1
2011SerAJ.182...35D,SerAJ,Corrected {mu}delta for stars of Hipparcos catalogue from independent latitude observations over many decades.,2011.0,182.0,10.2298/SAJ1182035D,TYC 3867-2-1
2010A&A...510A..54W,A&A,New 3D gas density maps of NaI and CaII interstellar absorption within  300 pc.,2010.0,510.0,10.1051/0004-6361/200913202,TYC 3867-2-1
2009A&A...498..961R,A&A,"Catalogue of Ap, HgMn and Am stars.",2009.0,498.0,10.1051/0004-6361/200810788,TYC 3867-2-1
2007A&A...464..377F,A&A,Proper-motion binaries in the Hipparcos catalogue. Comparison with radial velocity data.,2007.0,464.0,10.1051/0004-6361:20065526,TYC 3867-2-1
2007A&A...463..671R,A&A,Rotational velocities of A-type stars. III. Velocity distributions.,2007.0,463.0,10.1051/0004-6361:20065224,TYC 3867-2-1
2006AstL...32..759G,AstL,Pulkovo compilation of radial velocities for 35495 stars in a common system.,2006.0,32.0,10.1134/S1063773706110065,TYC 3867-2-1
2005AJ....129.2420M,AJ,Statistical constraints for astrometric binaries with nonlinear motion.,2005.0,129.0,10.1086/429590,TYC 3867-2-1
2005NewA...10..237Z,NewA,Some implications of the introduction of scattered starlight in the spectrum of reddened stars.,2005.0,10.0,10.1016/j.newast.2004.10.004,TYC 3867-2-1
2003A&A...411..447L,A&A,3D mapping of the dense interstellar gas around the Local Bubble.,2003.0,411.0,10.1051/0004-6361:20031214,TYC 3867-2-1
2002A&A...392.1031A,A&A,On the effective temperatures and surface gravities of superficially normal main sequence band B and A stars.,2002.0,392.0,10.1051/0004-6361:20020889,TYC 3867-2-1
2002A&A...393..897R,A&A,Rotational velocities of A-type stars. II. Measurement of vsini in the northern hemisphere.,2002.0,393.0,10.1051/0004-6361:20020943,TYC 3867-2-1
1999AJ....117.1890M,AJ,Speckle interferometry of new and problem Hipparcos binaries.,1999.0,117.0,10.1086/300823,TYC 3867-2-1
1998A&AS..129..431H,A&AS,uvby{beta} photoelectric photometric catalogue.,1998.0,129.0,10.1051/aas:1998195,TYC 3867-2-1
1998A&A...335..973W,A&A,Magnetic field models for A and B stars. V. The magnetic field and photometric variation of 84 Ursae Majoris.,1998.0,335.0,,TYC 3867-2-1
1998A&AS..128..573M,A&AS,{DELTA}a and Stroemgren photometry of stars in the Renson-catalogue of Ap and Am stars.,1998.0,128.0,10.1051/aas:1998164,TYC 3867-2-1
1997A&AS..124..255F,A&AS,"b""Mesures de vitesses radiales. VIII. Accompagnement au sol du programme dobservation du satellite Hipparcos Radial velocities. VIII. Ground based measurements for Hipparcos.""",1997.0,124.0,,TYC 3867-2-1
1996A&AS..118..239H,A&AS,The photoelectric astrolabe catalogue of Yunnan Observatory (YPAC).,1996.0,118.0,,TYC 3867-2-1
1995ApJS...99..135A,ApJS,The relation between rotational velocities and spectral peculiarities among A-type stars.,1995.0,99.0,10.1086/192182,TYC 3867-2-1
1995A&AS..114..269D,A&AS,Vitesses radiales. Catalogue WEB: Wilson Evans Batten. Radial velocities: The Wilson-Evans-Batten catalogue.,1995.0,114.0,,TYC 3867-2-1
1991A&AS...89..429R,A&AS,General catalogue of Ap and Am stars.,1991.0,89.0,,TYC 3867-2-1
1991PBeiO..17..120W,PBeiO,"Fourth preliminary catalogue of stars, right ascension observed with photoelectric transit instrument (PPCP4).",1991.0,17.0,,TYC 3867-2-1
1985A&AS...60...99W,A&AS,The local system of early type stars. Spatial extent and kinematics.,1985.0,60.0,,TYC 3867-2-1
1985IAUS..111..271H,IAUS,Calibration in temperature of photometric parameters.,1985.0,111.0,,TYC 3867-2-1
1984AN....305..199M,AN,Verbesserung des Sternorter des Potsdamer PZT-Katalogs.,1984.0,305.0,10.1002/asna.2113050409,TYC 3867-2-1
1980AJ.....85..836W,AJ,Spectrophotometry of peculiar B and A stars. IV. Secondary standards and the Ap stars HD 10783 and CU Vir.,1980.0,85.0,10.1086/112745,TYC 3867-2-1
1980ApJS...43..491A,ApJS,"Spectrophotometry oF B, A, and f stars. II.",1980.0,43.0,10.1086/190679,TYC 3867-2-1
1978A&AS...32..409G,A&AS,Space velocities and ages of nearby early-type stars.,1978.0,32.0,,TYC 3867-2-1
1977ATsir.969....7L,ATsir,Possibly near-by open clusters.,1977.0,969.0,,TYC 3867-2-1
1974ApJS...28..101D,ApJS,Rotational velocities of A0 stars.,1974.0,28.0,10.1086/190312,TYC 3867-2-1
1972A&AS....5..109C,A&AS,Four-color and H beta photometry for the brighter A0-type stars.,1972.0,5.0,,TYC 3867-2-1
1972AN....294....1J,AN,Uber die veranderlichkeit der sterne des spektraltyps A.,1972.0,294.0,10.1002/asna.19722940102,TYC 3867-2-1
1970A&AS....1..165J,A&AS,Photoelectric observations of early A stars.,1970.0,1.0,,TYC 3867-2-1
1970A&AS....1..189F,A&AS,A catalogue of proper motions for 437 A stars.,1970.0,1.0,,TYC 3867-2-1
1969ApJ...157.1101G,ApJ,Observations of the 21-cm hydrogen line toward high-latitude stars.,1969.0,157.0,10.1086/150139,TYC 3867-2-1
2015ApJ...804..146D,ApJ,"The ages of early-type stars: Stromgren photometric methods calibrated, validated, tested, and applied to hosts and prospective hosts of directly imaged exoplanets.",2015.0,804.0,10.1088/0004-637X/804/2/146,HIP 67005
2015A&A...580A..23P,A&A,A new catalogue of Stroemgren-Crawford uvby{beta} photometry.,2015.0,580.0,10.1051/0004-6361/201526413,HIP 67005
2013ApJ...775..115U,ApJ,The inner kiloparsec of Mrk 273 with Keck adaptive optics.,2013.0,775.0,10.1088/0004-637X/775/2/115,HIP 67005
2012AstL...38..694G,AstL,Spatial distribution and kinematics of OB stars.,2012.0,38.0,10.1134/S1063773712110035,HIP 67005
2012A&A...546A..61D,A&A,Radial velocities for the HIPPARCOS-Gaia Hundred-Thousand-Proper-Motion  project.,2012.0,546.0,10.1051/0004-6361/201219219,HIP 67005
2012A&A...537A.120Z,A&A,Rotational velocities of A-type stars. IV. Evolution of rotational  velocities.,2012.0,537.0,10.1051/0004-6361/201117691,HIP 67005
2012MNRAS.427..343M,MNRAS,Fundamental parameters and infrared excesses of Hipparcos stars.,2012.0,427.0,10.1111/j.1365-2966.2012.21873.x,HIP 67005
2011SerAJ.182...35D,SerAJ,Corrected {mu}delta for stars of Hipparcos catalogue from independent latitude observations over many decades.,2011.0,182.0,10.2298/SAJ1182035D,HIP 67005
2011ApJS..197...19K,ApJS,The first hundred brown dwarfs discovered by the Wide-field Infrared  Survey Explorer (WISE).,2011.0,197.0,10.1088/0067-0049/197/2/19,HIP 67005
2009ApJS..185..289R,ApJS,The infrared telescope facility (IRTF) spectral library: cool stars.,2009.0,185.0,10.1088/0067-0049/185/2/289,HIP 67005
2009A&A...498..961R,A&A,"Catalogue of Ap, HgMn and Am stars.",2009.0,498.0,10.1051/0004-6361/200810788,HIP 67005
2008CoSka..38...87S,CoSka,History of CP stars.,2008.0,38.0,,HIP 67005
2008AJ....135.2245R,AJ,Absolute physical calibration in the infrared.,2008.0,135.0,10.1088/0004-6256/135/6/2245,HIP 67005
2008MNRAS.389..869E,MNRAS,A catalogue of multiplicity among bright stellar systems.,2008.0,389.0,10.1111/j.1365-2966.2008.13596.x,HIP 67005
2007A&A...463..671R,A&A,Rotational velocities of A-type stars. III. Velocity distributions.,2007.0,463.0,10.1051/0004-6361:20065224,HIP 67005
2002A&A...393..897R,A&A,Rotational velocities of A-type stars. II. Measurement of vsini in the northern hemisphere.,2002.0,393.0,10.1051/0004-6361:20020943,HIP 67005
2001A&A...367..521P,A&A,Catalogue of Apparent Diameters and Absolute Radii of Stars (CADARS) - Third edition - Comments and statistics.,2001.0,367.0,10.1051/0004-6361:20000451,HIP 67005
1998A&AS..128..573M,A&AS,{DELTA}a and Stroemgren photometry of stars in the Renson-catalogue of Ap and Am stars.,1998.0,128.0,10.1051/aas:1998164,HIP 67005
1998A&A...335..173H,A&A,A reliable transformation of Hipparcos H_p_ magnitudes into Johnson V and B magnitudes.,1998.0,335.0,,HIP 67005
1998A&AS..129..431H,A&AS,uvby{beta} photoelectric photometric catalogue.,1998.0,129.0,10.1051/aas:1998195,HIP 67005
1995ApJS...99..135A,ApJS,The relation between rotational velocities and spectral peculiarities among A-type stars.,1995.0,99.0,10.1086/192182,HIP 67005
1995A&AS..114..269D,A&AS,Vitesses radiales. Catalogue WEB: Wilson Evans Batten. Radial velocities: The Wilson-Evans-Batten catalogue.,1995.0,114.0,,HIP 67005
1995GCTP..C......0V,GCTP,"The General Catalogue of Trigonometric Stellar Parallaxes, Fourth Edition.",1995.0,-1.0,,HIP 67005
1994A&AS..104..121H,A&AS,Reliable photometric reductions to the standard UBV (or uvby) system.,1994.0,104.0,,HIP 67005
1991A&AS...89..429R,A&AS,General catalogue of Ap and Am stars.,1991.0,89.0,,HIP 67005
1991TrSht..62..243G,TrSht,Catalogue of proper motions in the declination of stars of the Moscow zenith zone.,1991.0,62.0,,HIP 67005
1990A&AS...85.1069S,A&AS,MK classification and photometry of stars used for time and latitude observations at Mizusawa and Washington.,1990.0,85.0,,HIP 67005
1989PBeiO..14...12L,PBeiO,Third preliminary catalogue of stars observed with the photoelectric astrolabe of the Beijing Astronomical Observatory.,1989.0,14.0,,HIP 67005
1989A&AS...81..127G,A&AS,Behaviour of OI triplet lambda-7773. II. Ap stars.,1989.0,81.0,,HIP 67005
1987JApA....8..351L,JApA,Experiments with CP stars.,1987.0,8.0,10.1007/BF02714899,HIP 67005
1987VilOB..76....8Z,VilO,Determination of the effective temperatures of peculiar stars in the Vilnius photometric system.,1987.0,76.0,,HIP 67005
1986PASP...98..927L,PASP,Carbon abundances and meridional mixing in rapidly rotating early-A stars.,1986.0,98.0,10.1086/131846,HIP 67005
1985A&AS...60...99W,A&AS,The local system of early type stars. Spatial extent and kinematics.,1985.0,60.0,,HIP 67005
1984TrSht..54..149T,TrSht,"The catalogue of the right ascensions of 200 stars, observed with theMoscow PZT during 1973.8 - 1981.0.",1984.0,54.0,,HIP 67005
1983A&A...117..347T,A&A,Empirical calibration of the RGU-system.,1983.0,117.0,,HIP 67005
1983TrSht..55...40W,TrSht,A catalogue of declinations and proper motions of Moscow PZT stars.,1983.0,55.0,,HIP 67005
1983A&AS...53...33L,A&AS,A physical study of the Ursa Major cluster (with special attention tothe peculiar A stars),1983.0,53.0,,HIP 67005
1980A&AS...40..207C,A&AS,Spectral classification from the ultraviolet line features of S2/68 spectra.,1980.0,40.0,,HIP 67005
1980Ap&SS..69..401F,Ap&SS,Apparent radii and other parameters for 416 B5V-F5V stars of the catalogue of the Geneva Observatory.,1980.0,69.0,10.1007/BF00661927,HIP 67005
1978BAICz..29...44M,BAICz,Photoelectric photometry at the Hvar Observatory. III. The Ap star CQ UMa.,1978.0,29.0,,HIP 67005
1978A&AS...33...15C,A&AS,Spectral classification from the ultraviolet line features of S2/68 spectra III. Early A-type stars.,1978.0,33.0,,HIP 67005
1977ATsir.969....7L,ATsir,Possibly near-by open clusters.,1977.0,969.0,,HIP 67005
1975A&AS...19..189M,A&AS,Catalogue of early-type stars measured in a narrow-band photometric system.,1975.0,19.0,,HIP 67005
1975AJ.....80.1026A,AJ,Interstellar circular polarization. II. Northern and southern hemisphere survey results and observational search criteria.,1975.0,80.0,10.1086/111834,HIP 67005
1974ApJS...28..101D,ApJS,Rotational velocities of A0 stars.,1974.0,28.0,10.1086/190312,HIP 67005
1973AJ.....78..192W,AJ,Uvby photometry of Am and Ap stars.,1973.0,78.0,10.1086/111397,HIP 67005
1972A&AS....5..109C,A&AS,Four-color and H beta photometry for the brighter A0-type stars.,1972.0,5.0,,HIP 67005
1972AN....294....1J,AN,Uber die veranderlichkeit der sterne des spektraltyps A.,1972.0,294.0,10.1002/asna.19722940102,HIP 67005
1971ApJS...23..421H,ApJS,K-line photometry of southern A stars.,1971.0,23.0,10.1086/190245,HIP 67005
1970A&AS....1..165J,A&AS,Photoelectric observations of early A stars.,1970.0,1.0,,HIP 67005
1970A&AS....1..189F,A&AS,A catalogue of proper motions for 437 A stars.,1970.0,1.0,,HIP 67005
1969ApJS...18...47H,ApJS,K-line photometry of A stars.,1969.0,18.0,10.1086/190184,HIP 67005
1967JO.....50..425,JO,"b""Observations spectrographiques detoiles A a spectre particulier et a raies metalliques.""",1967.0,50.0,,HIP 67005
1966GeoOM..21....0C,GeoOM,Investigation of the magnetic and related stars through narrow-band photometry.,1966.0,21.0,,HIP 67005
1960JO.....43..129,JO,Catalogue et bibliographie des etoiles A a spectre particulier.,1960.0,43.0,,HIP 67005
1959JO.....42...45,JO,Catalogue et bibliographie des etoiles a spectre particulier.,1959.0,42.0,,HIP 67005
1958ApJS....3..141,ApJS,A catalog of magnetic stars.,1958.0,3.0,10.1086/190035,HIP 67005
1951ApJ...113..437S,ApJ,Lines of neutral oxygen in the infrared spectra of peculiar A stars.,1951.0,113.0,10.1086/145412,HIP 67005
1926ApJ....64..262D,ApJ,Spectroscopic magnitudes of A-type stars.,1926.0,64.0,10.1086/143011,HIP 67005
2015A&A...580A..23P,A&A,A new catalogue of Stroemgren-Crawford uvby{beta} photometry.,2015.0,580.0,10.1051/0004-6361/201526413,HIP 69721
2015ApJ...804..146D,ApJ,"The ages of early-type stars: Stromgren photometric methods calibrated, validated, tested, and applied to hosts and prospective hosts of directly imaged exoplanets.",2015.0,804.0,10.1088/0004-637X/804/2/146,HIP 69721
2014A&A...562A..65S,A&A,Spectrophotometric analysis of the 5200 {AA} region for peculiar and normal stars.,2014.0,562.0,10.1051/0004-6361/201322300,HIP 69721
2014MNRAS.443.1629S,MNRAS,Interferometry of chemically peculiar stars: theoretical predictions versus modern observing facilities.,2014.0,443.0,10.1093/mnras/stu1259,HIP 69721
2013A&A...553A..95M,A&A,A PCA approach to stellar effective temperatures.,2013.0,553.0,10.1051/0004-6361/201220961,HIP 69721
2012AstL...38..694G,AstL,Spatial distribution and kinematics of OB stars.,2012.0,38.0,10.1134/S1063773712110035,HIP 69721
2012ApJS..199....8G,ApJS,A compilation of interstellar column densities.,2012.0,199.0,10.1088/0067-0049/199/1/8,HIP 69721
2012A&A...546A..61D,A&A,Radial velocities for the HIPPARCOS-Gaia Hundred-Thousand-Proper-Motion  project.,2012.0,546.0,10.1051/0004-6361/201219219,HIP 69721
2012MNRAS.427..343M,MNRAS,Fundamental parameters and infrared excesses of Hipparcos stars.,2012.0,427.0,10.1111/j.1365-2966.2012.21873.x,HIP 69721
2012AJ....143...28F,AJ,High ionization species in the nearby interstellar medium from an  exhaustive analysis of the IUE INES database.,2012.0,143.0,10.1088/0004-6256/143/2/28,HIP 69721
2011MNRAS.414.2602D,MNRAS,Random forest automated supervised classification of Hipparcos periodic  variable stars.,2011.0,414.0,10.1111/j.1365-2966.2011.18575.x,HIP 69721
2011SerAJ.182...35D,SerAJ,Corrected {mu}delta for stars of Hipparcos catalogue from independent latitude observations over many decades.,2011.0,182.0,10.2298/SAJ1182035D,HIP 69721
2011MNRAS.415.1105S,MNRAS,Distance limits to intermediate- and high-velocity clouds.,2011.0,415.0,10.1111/j.1365-2966.2011.18647.x,HIP 69721
2010A&A...510A..54W,A&A,New 3D gas density maps of NaI and CaII interstellar absorption within  300 pc.,2010.0,510.0,10.1051/0004-6361/200913202,HIP 69721
2009A&A...498..961R,A&A,"Catalogue of Ap, HgMn and Am stars.",2009.0,498.0,10.1051/0004-6361/200810788,HIP 69721
2009AstBu..64..239R,AstBu,Magnetic fields of chemically peculiar stars. II: magnetic fields and rotation of stars with strong and weak anomalies in the continuum energy  distribution.,2009.0,64.0,10.1134/S1990341309030043,HIP 69721
2009MNRAS.394.1338,MNRAS,Catalogue of averaged stellar effective magnetic fields - II.  Re-discussion of chemically peculiar A and B stars.,2009.0,394.0,10.1111/j.1365-2966.2008.14227.x,HIP 69721
2008A&A...491..545N,A&A,Chemically peculiar stars and their temperature calibration.,2008.0,491.0,10.1051/0004-6361:200810325,HIP 69721
2008AstBu..63..139R,AstBu,Magnetic fields of chemically peculiar stars. I. The catalog of magnetic  CP stars.,2008.0,63.0,10.1134/S1990341308020053,HIP 69721
2008MNRAS.385..481L,MNRAS,Effective temperatures of magnetic chemically peculiar stars from full  spectral energy distributions.,2008.0,385.0,10.1111/j.1365-2966.2008.12856.x,HIP 69721
2008MNRAS.389..869E,MNRAS,A catalogue of multiplicity among bright stellar systems.,2008.0,389.0,10.1111/j.1365-2966.2008.13596.x,HIP 69721
2008CoSka..38..353S,CoSka,Effective temperatures of magnetic CP stars: semi-fundamental data.,2008.0,38.0,,HIP 69721
2007AN....328...10M,AN,On-line database of photometric observations of magnetic chemically peculiar stars.,2007.0,328.0,10.1002/asna.200610705,HIP 69721
2007AstBu..62..244G,AstBu,Magnetic field dependence of chemical anomalies in CP stars.,2007.0,62.0,10.1134/S1990341307030054,HIP 69721
2007PASP..119.1256A,PASP,uvby FCAPT photometry of six small-amplitude mCP stars.,2007.0,119.0,10.1086/523900,HIP 69721
2007AJ....133..545R,AJ,Adaptive optics photometry and astrometry of binary stars. II. A multiplicity survey of B stars.,2007.0,133.0,10.1086/510335,HIP 69721
2006AstL...32..759G,AstL,Pulkovo compilation of radial velocities for 35495 stars in a common system.,2006.0,32.0,10.1134/S1063773706110065,HIP 69721
2006A&A...450..763K,A&A,Evolutionary state of magnetic chemically peculiar stars.,2006.0,450.0,10.1051/0004-6361:20054596,HIP 69721
2005A&A...441..631P,A&A,On the detection of chemically peculiar stars using {Delta}a photometry.,2005.0,441.0,10.1051/0004-6361:20053001,HIP 69721
2003A&A...411..447L,A&A,3D mapping of the dense interstellar gas around the Local Bubble.,2003.0,411.0,10.1051/0004-6361:20031214,HIP 69721
2003A&A...407..631,A&A,Catalogue of averaged stellar effective magnetic fields. I. Chemically peculiar A and B type stars.,2003.0,407.0,10.1051/0004-6361:20030741,HIP 69721
2002Ap.....45..408G,Ap,Investigation of weakly magnetic CP stars. I.,2002.0,45.0,10.1023/A:1021842710087,HIP 69721
2002A&A...392..637S,A&A,"A highly sensitive search for magnetic fields in B, A and F stars.",2002.0,392.0,10.1051/0004-6361:20021192,HIP 69721
2002ApJ...573..359A,ApJ,Rotational velocities of B stars.,2002.0,573.0,10.1086/340590,HIP 69721
2002A&A...393..897R,A&A,Rotational velocities of A-type stars. II. Measurement of vsini in the northern hemisphere.,2002.0,393.0,10.1051/0004-6361:20020943,HIP 69721
2001AJ....122.2008A,AJ,Are stellar rotational axes distributed randomly.,2001.0,122.0,10.1086/323300,HIP 69721
2001A&A...367..521P,A&A,Catalogue of Apparent Diameters and Absolute Radii of Stars (CADARS) - Third edition - Comments and statistics.,2001.0,367.0,10.1051/0004-6361:20000451,HIP 69721
2000A&A...355..308A,A&A,"On the effective temperatures, surface gravities and optical region fluxes of the CP stars.",2000.0,355.0,,HIP 69721
1998A&AS..128..573M,A&AS,{DELTA}a and Stroemgren photometry of stars in the Renson-catalogue of Ap and Am stars.,1998.0,128.0,10.1051/aas:1998164,HIP 69721
1998A&AS..129..431H,A&AS,uvby{beta} photoelectric photometric catalogue.,1998.0,129.0,10.1051/aas:1998195,HIP 69721
1998A&A...335..973W,A&A,Magnetic field models for A and B stars. V. The magnetic field and photometric variation of 84 Ursae Majoris.,1998.0,335.0,,HIP 69721
1998A&A...335..565H,A&A,Investigation of the variability of bright Be stars using Hipparcos photometry.,1998.0,335.0,,HIP 69721
1998A&AS..127..421C,A&AS,The observed periods of Ap and Bp stars.,1998.0,127.0,10.1051/aas:1998110,HIP 69721
1998A&AS..132...93A,A&AS,"On the Hipparcos photometry of chemically peculiar B, A, and F stars.",1998.0,132.0,10.1051/aas:1998361,HIP 69721
1998A&AS..130..215S,A&AS,Effective temperatures of Ap stars.,1998.0,130.0,10.1051/aas:1998226,HIP 69721
1996PAZh...22..917R,PAZh,Surface distribution of chromium on the CP2 star HD 220825 (kappa Psc).,1996.0,22.0,,HIP 69721
1996A&AS..118..481,A&AS,The ROSAT all-sky survey catalogue of optically bright OB-type stars.,1996.0,118.0,,HIP 69721
1995ApJS...99..135A,ApJS,The relation between rotational velocities and spectral peculiarities among A-type stars.,1995.0,99.0,10.1086/192182,HIP 69721
1995A&AS..114..269D,A&AS,Vitesses radiales. Catalogue WEB: Wilson Evans Batten. Radial velocities: The Wilson-Evans-Batten catalogue.,1995.0,114.0,,HIP 69721
1994A&A...281..594C,A&A,Photometric calibration of the international Ultraviolet Explorer (IUE) for high resolution spectra.,1994.0,281.0,,HIP 69721
1994BSAO...38..152G,BSAO,A new list of effective temperatures of chemically peculiar stars. II.,1994.0,38.0,,HIP 69721
1994MNRAS.271..129M,MNRAS,The Cape rapidly oscillating Ap star survey - III. Null results of searches for high-overtone pulsation.,1994.0,271.0,10.1093/mnras/271.1.129,HIP 69721
1994A&AS..105..125M,A&AS,Catalogue of CP stars with references to short time scale variability.,1994.0,105.0,,HIP 69721
1994PASP..106..134R,PASP,Surface distribution of iron and chromium on 84 Ursae Majoris.,1994.0,106.0,10.1086/133357,HIP 69721
1994A&A...291..825R,A&A,Doppler imaging of the Ap star 17 Comae Berenices.,1994.0,291.0,,HIP 69721
1993AJ....105.1903N,AJ,A seven-year northern sky survey of Ap stars for rapid variability.,1993.0,105.0,10.1086/116565,HIP 69721
1993A&A...268..653N,A&A,"On the determination of effective temperature and surface gravity of B, A, and F stars using Stromgren uvby-beta photometry.",1993.0,268.0,,HIP 69721
1993A&AS..101..393A,A&AS,Spectrophotometry of peculiar B and A stars. XIX. Variability of the magnetic CP stars.,1993.0,101.0,,HIP 69721
1993A&A...269..403H,A&A,Effective temperature of Ap and Am stars from Geneva photometry.,1993.0,269.0,,HIP 69721
1993BAAS...25..871W,BAAS,Doppler imaging of the Ap star 84 UMa.,1993.0,25.0,,HIP 69721
1991A&A...249..401H,A&A,On the origin of the statistical correlation between rotation periods and apparent radii for CP 2 stars.,1991.0,249.0,,HIP 69721
1991A&AS...89..429R,A&AS,General catalogue of Ap and Am stars.,1991.0,89.0,,HIP 69721
1990Ap&SS.165..219R,Ap&SS,Spectrum variability of some selected bright CP stars on the main sequence.,1990.0,165.0,10.1007/BF00653290,HIP 69721
1989A&A...220..105S,A&A,Radii and space orientation of the rotational axes of Ap stars.,1989.0,220.0,,HIP 69721
1989A&AS...81..127G,A&AS,Behaviour of OI triplet lambda-7773. II. Ap stars.,1989.0,81.0,,HIP 69721
1989PBeiO..14...12L,PBeiO,Third preliminary catalogue of stars observed with the photoelectric astrolabe of the Beijing Astronomical Observatory.,1989.0,14.0,,HIP 69721
1989A&A...219..197S,A&A,Effective temperatures of Ap stars.,1989.0,219.0,,HIP 69721
1988AN....309..181R,AN,A search for age-dependency of Ap star parameters.,1988.0,309.0,10.1002/asna.2113090310,HIP 69721
1987VilOB..76....8Z,VilO,Determination of the effective temperatures of peculiar stars in the Vilnius photometric system.,1987.0,76.0,,HIP 69721
1987AISAO..25...13G,AISAO,Balmer discontinuities of chemically peculiar stars.,1987.0,25.0,,HIP 69721
1986AISAO..21...30L,AISAO,Statistical investigation of chemically peculiar stars. II. The stars with the depression of continuum spectrum at lambda 5200 A.,1986.0,21.0,,HIP 69721
1986AISAO..21...21L,AISAO,Statistical investigation of chemically peculiar stars. I. The stars with known periods.,1986.0,21.0,,HIP 69721
1986AISAO..22...39G,AISAO,On the effective temperatures of chemically peculiar stars.,1986.0,22.0,,HIP 69721
1986AISAO..23...37G,AISAO,The magnetic field and other parameters of the chemically peculiar stars. I.,1986.0,23.0,,HIP 69721
1986NIA86.......71S,NIA86,Search for chromospheric MG II emission in Ap-type stars.,1986.0,-1.0,,HIP 69721
1985A&AS...60...99W,A&AS,The local system of early type stars. Spatial extent and kinematics.,1985.0,60.0,,HIP 69721
1985PASP...97..970A,PASP,On the ultraviolet energy distributions and the temperatures of peculiar B and A stars.,1985.0,97.0,10.1086/131650,HIP 69721
1985AISAO..19...28G,AISAO,The investigation of the mean surface fields of the Ap stars.,1985.0,19.0,,HIP 69721
1985AISAO..20...26G,AISAO,To the problem of the surface magnetic fields of the chemically peculiar stars.,1985.0,20.0,,HIP 69721
1984A&AS...55..371C,A&AS,Catalogue des periodes observees pour des etoiles Ap.,1984.0,55.0,,HIP 69721
1984A&A...141..328N,A&A,The rotation of Ap stars.,1984.0,141.0,,HIP 69721
1984A&AS...58..387N,A&AS,Evidence of decay of the magnetic fields of Ap stars.,1984.0,58.0,,HIP 69721
1984A&AS...57...55S,A&AS,Radial velocities of northern mercury stars.,1984.0,57.0,,HIP 69721
1983A&AS...53...33L,A&AS,A physical study of the Ursa Major cluster (with special attention tothe peculiar A stars),1983.0,53.0,,HIP 69721
1982A&A...114...23H,A&A,Photometric properties of Ap stars in the Geneva system.,1982.0,114.0,,HIP 69721
1982A&AS...47..341K,A&AS,"Picture gallery : a structured presentation of DAO-2 photometric data supported by OAO-2 spectrophotometric data and UBV, and TD1 observations.",1982.0,47.0,,HIP 69721
1981A&A...100...24G,A&A,The absolute magnitudes of the Ap stars.,1981.0,100.0,,HIP 69721
1981A&A...101..176F,A&A,Effective temperature of Ap stars.,1981.0,101.0,,HIP 69721
1981A&AS...44..265A,A&AS,"Spectrophotometry of peculiar B and A stars. X. HD 2453, HD 8441, HD 18078, HD 50169, HD 110066 and gamma Equulei.",1981.0,44.0,,HIP 69721
1981PASP...93..344,PASP,Photometric UBV period study of eight Ap stars.,1981.0,93.0,10.1086/130836,HIP 69721
1980ApJS...43..501C,ApJS,Ultraviolet photometry from the orbiting astronomical observatory. XXXIV. Filter photometry of 531 stars of diverse types.,1980.0,43.0,10.1086/190680,HIP 69721
1980IBVS.1841....1W,IBVS,Is there a magnetic field-period relation for the hotter Ap-stars ?,1980.0,1841.0,,HIP 69721
1980A&A....86..149A,A&A,"Spectrophotometry of peculiar B and A stars. V. HD 32650, 84 Ursa Majoris, HD 149822, 19 Lyrae, 4 Cygni, HD 196178, and 108 Aquarii.",1980.0,86.0,,HIP 69721
1980A&AS...41..111C,A&AS,Catalogue of photometric data related to surface magnetic fields for B-type stars.,1980.0,41.0,,HIP 69721
1980Ap&SS..69..401F,Ap&SS,Apparent radii and other parameters for 416 B5V-F5V stars of the catalogue of the Geneva Observatory.,1980.0,69.0,10.1007/BF00661927,HIP 69721
1979AJ.....84..857A,AJ,"Spectrophotometry of peculiar B and A stars. I. On the detection of the lam 4200 and lam 5200 broad, continuum features of peculiar A stars.",1979.0,84.0,10.1086/112487,HIP 69721
1978A&A....69..285H,A&A,Photometric parameters for Am and Ap stars.,1978.0,69.0,,HIP 69721
1978A&A....66..187V,A&A,Ultraviolet photometric observations of Ap and Am stars.,1978.0,66.0,,HIP 69721
1978A&AS...33...15C,A&AS,Spectral classification from the ultraviolet line features of S2/68 spectra III. Early A-type stars.,1978.0,33.0,,HIP 69721
1977ATsir.969....7L,ATsir,Possibly near-by open clusters.,1977.0,969.0,,HIP 69721
1977PASP...89..519G,PASP,A photoelectric peculiarity index in the Ap stars.,1977.0,89.0,10.1086/130154,HIP 69721
1976A&AS...26...49H,A&AS,A photoelectric parameter of the peculiarity of the Ap stars.,1976.0,26.0,,HIP 69721
1975AJ.....80.1026A,AJ,Interstellar circular polarization. II. Northern and southern hemisphere survey results and observational search criteria.,1975.0,80.0,10.1086/111834,HIP 69721
1975IBVS..961....1K,IBVS,60th name-list of variable stars.,1975.0,961.0,,HIP 69721
1974PASP...86..408,PASP,Spectrum variations in the Ap-type stars. I. A survey of stars between 7h and 19h right ascension.,1974.0,86.0,10.1086/129624,HIP 69721
1974ApJ...194...65W,ApJ,The manganese stars.,1974.0,194.0,10.1086/153224,HIP 69721
1974PASP...86..241E,PASP,Luminosities and motions of peculiar B-type stars.,1974.0,86.0,10.1086/129594,HIP 69721
1973AJ.....78..192W,AJ,Uvby photometry of Am and Ap stars.,1973.0,78.0,10.1086/111397,HIP 69721
1973ApJS...25..137A,ApJS,The binary frequency for Ap stars.,1973.0,25.0,10.1086/190265,HIP 69721
1973ApJ...185..577L,ApJ,Ultraviolet photometry from the Orbiting Astronomical Observatory. VIII. The blue Ap stars.,1973.0,185.0,10.1086/152440,HIP 69721
1972ApJ...175..779A,ApJ,Rotational velocities of Ap stars.,1972.0,175.0,10.1086/151598,HIP 69721
1972A&AS....5..109C,A&AS,Four-color and H beta photometry for the brighter A0-type stars.,1972.0,5.0,,HIP 69721
1972AN....294....1J,AN,Uber die veranderlichkeit der sterne des spektraltyps A.,1972.0,294.0,10.1002/asna.19722940102,HIP 69721
1970A&AS....1..165J,A&AS,Photoelectric observations of early A stars.,1970.0,1.0,,HIP 69721
1970A&AS....1..189F,A&AS,A catalogue of proper motions for 437 A stars.,1970.0,1.0,,HIP 69721
1970MNRAS.147...75D,MNRAS,Rotation and chemical abundances in the peculiar A stars. II.,1970.0,147.0,10.1093/mnras/147.1.75,HIP 69721
1967JO.....50..425,JO,"b""Observations spectrographiques detoiles A a spectre particulier et a raies metalliques.""",1967.0,50.0,,HIP 69721
1966GeoOM..21....0C,GeoOM,Investigation of the magnetic and related stars through narrow-band photometry.,1966.0,21.0,,HIP 69721
1960JO.....43..129,JO,Catalogue et bibliographie des etoiles A a spectre particulier.,1960.0,43.0,,HIP 69721
1959JO.....42...45,JO,Catalogue et bibliographie des etoiles a spectre particulier.,1959.0,42.0,,HIP 69721
1958ApJS....3..141,ApJS,A catalog of magnetic stars.,1958.0,3.0,10.1086/190035,HIP 69721
1958ZA.....45...35J,ZA,The position of the peculiar A-type stars in the color-absolute magnitude diagram.,1958.0,45.0,,HIP 69721
1951ApJ...113..437S,ApJ,Lines of neutral oxygen in the infrared spectra of peculiar A stars.,1951.0,113.0,10.1086/145412,HIP 69721
1933ApJ....77..330M,ApJ,Some evidence for the existence of a peculiar branch of the spectral sequence in the interval B8-F0.,1933.0,77.0,10.1086/143476,HIP 69721
1926ApJ....64..262D,ApJ,Spectroscopic magnitudes of A-type stars.,1926.0,64.0,10.1086/143011,HIP 69721
